,Compnay Logo ,,,,,,,,,,,,,,,,,,,,,,
,,,,,,,,,,,,,,,,,,,,,,,
,,,,,,,,,,,,,,,,,,,,,,,
,,,,,,,,,,,,,,,,,,,,,,,
,,,,,,,,,,,,,,,,,Date : 04/08/2026,,,,,,
CLEMENTI POLYCLINIC LEVEL-BASEMENT   PROGRESS REPORT - ( T&C ),,,,,,,,,,,,,,,,,,,,,,,
DUCT LEAK  TEST,,,,,,,,,EQUIPMENT PERFORMANCE TEST ,,,,,,,,,,,,,,
S/No,Designation (NUP Naming),Unit Destination,Level  ,Area Served,Internal Test completed Date,Tested  by,RTO test Completed date,,Internal Performance test,Tested by,Performance / Air balancing With RTO testing,BMS Testing,Form Number ,Outstanding qty   ,Remark ( why not completed ),Model,Serial,,,,,,
AHU,,,,,,,,,,,,,,,,,,,,,,,
1,AHU-B1-01,AHU-L1-1,B1,L1 IDM&DOTs,NA,NA,NA,,Awaiting Completion of Installation Works,Mr. Zaw Lat,Not Yet Ready,Not Yet Ready,,1,,,,,,,,,
2,AHU-B1-02 (Normal Mode),AHU-L1-2 (Normal Mode),B1,"L1 ZONE 2 - 
CLINICAL AREA",NA,NA,NA,,Awaiting Completion of Installation Works,Mr. Zaw Lat,Not Yet Ready,Not Yet Ready,,1,,,,,,,,,
,AHU-B1-02 (Pandemic Mode),AHU-L1-2 (Pandemic Mode),B1,,NA,NA,NA,,Awaiting Completion of Installation Works,Mr. Zaw Lat,Not Yet Ready,Not Yet Ready,,1,,,,,,,,,
3,AHU-B1-03,AHU-L1-3,B1,"L1 ZONE 3 -
X-RAY, RADIOGRAPHER, MAMMO,
 PHLEBO, LAB & COMMON AREA",NA,NA,NA,,Awaiting Completion of Installation Works,Mr. Zaw Lat,Not Yet Ready,Not Yet Ready,,1,Awaiting Completion of Installation Works,,,,,,,,
4,AHU-B1-04,AHU-L2-1,B1,"L2 ZONE 4 -
MOTHER/BABY CLINIC",NA,NA,NA,,Awaiting Completion of Installation Works,Mr. Zaw Lat,Not Yet Ready,Not Yet Ready,,1,,,,,,,,,
5,AHU-B1-05,AHU-L2-2,B1,"L1 & L2 ZONE 5 -
PHARMACISTS CLINIC &
BACKEND PROCESSING",NA,NA,NA,,Awaiting Completion of Installation Works,Mr. Zaw Lat,Not Yet Ready,Not Yet Ready,,1,,,,,,,,,
6,AHU-B1-06,AHU-L3-1,B1,"L3 ZONE 6 -
CLINICAL DIABETES AREA",NA,NA,NA,,Awaiting Completion of Installation Works,Mr. Zaw Lat,Not Yet Ready,Not Yet Ready,,1,,,,,,,,,
,,,,,,,,,,,,,,7,,,,,,,,,
FCU,,,,,,,,,,,,,,,,,,,,,,,
1,FCU-B1-01,FCU-B1-LTS-1 ,B1, LT SWITCH ROOM ,NA,NA,NA,,Awaiting Completion of Installation Works,Mr. Zaw Lat,Not Yet Ready,Not Yet Ready,,1,,,,,,,,,
2,FCU-B1-02,FCU-B1-LTS-2,B1,,NA,NA,NA,,Awaiting Completion of Installation Works,Mr. Zaw Lat,Not Yet Ready,Not Yet Ready,,1,,,,,,,,,
3,FCU-B1-03,FCU-B1-MDF-1,B1,MDF ROOM ,NA,NA,NA,,Awaiting Completion of Installation Works,Mr. Zaw Lat,Not Yet Ready,Not Yet Ready,,1,,,,,,,,,
4,FCU-B1-04,FCU-B1-MDF-2,B1,,NA,NA,NA,,Awaiting Completion of Installation Works,Mr. Zaw Lat,Not Yet Ready,Not Yet Ready,,1,Awaiting Completion of Installation Works,,1 = Not Yest ready ,,,,,,
5,FCU-B1-05,FCU-B1-UPS1-1,B1,"UPS ROOM 1
",NA,NA,NA,,Awaiting Completion of Installation Works,Mr. Zaw Lat,Not Yet Ready,Not Yet Ready,,1,,,0 = Completed ,,,,,,
6,FCU-B1-06,FCU-B1-UPS1-2,B1,,NA,NA,NA,,Awaiting Completion of Installation Works,Mr. Zaw Lat,Not Yet Ready,Not Yet Ready,,1,,,,,,,,,
7,FCU-B1-07,FCU-B1-UPS2-1 ,B1,"UPS ROOM 2
",NA,NA,NA,,Awaiting Completion of Installation Works,Mr. Zaw Lat,Not Yet Ready,Not Yet Ready,,1,,,,,,,,,
8,FCU-B1-08,FCU-B1-UPS2-2,B1,,NA,NA,NA,,Awaiting Completion of Installation Works,Mr. Zaw Lat,Not Yet Ready,Not Yet Ready,,1,,,,,,,,,
,,,,,,,,,,,,,,8,,,,,,,,,
MV FANS,,,,,,,,,,,,,,,,,,,,,,,
1,FAF-PC-B1-01,FAF-CHILLER-B1-1,B1,B1 CHILLER PLANT ,NA,NA,NA,,Awaiting Completion of Installation Works,Mr. Zaw Lat,Not Yet Ready,Not Yet Ready,,1,,,,,,,,,
2,EAF-PC-B1-01,EAF-CHILLER-B1-1,B1,,NA,NA,NA,,Awaiting Completion of Installation Works,Mr. Zaw Lat,Not Yet Ready,Not Yet Ready,,1,,,,,,,,,
3,FAF-PC-B1-02,FAF-CORRIDOR-B1-1,B1,B1 CORRIDOR & RISER DUCT ROOM,NA,NA,NA,,Awaiting Completion of Installation Works,Mr. Zaw Lat,Not Yet Ready,Not Yet Ready,,1,,,,,,,,,
4,EAF-PC-B1-02,EAF-CORRIDOR-B1-1 ,B1,,NA,NA,NA,,Awaiting Completion of Installation Works,Mr. Zaw Lat,Not Yet Ready,Not Yet Ready,,1,,,,,,,,,
5,FAF-PC-B1-03,FAF-CP1-B1-1 ,B1,B1 BASEMENT CARPARK,NA,NA,NA,,Awaiting Completion of Installation Works,Mr. Zaw Lat,Not Yet Ready,Not Yet Ready,,1,,,,,,,,,
6,FAF-PC-B1-04,FAF-CP1-B1-2,B1,,NA,NA,NA,,Awaiting Completion of Installation Works,Mr. Zaw Lat,Not Yet Ready,Not Yet Ready,,1,,,,,,,,,
7,FAF-PC-B1-05,FAF-CP1-B1-3,B1,,NA,NA,NA,,Awaiting Completion of Installation Works,Mr. Zaw Lat,Not Yet Ready,Not Yet Ready,,1,,,,,,,,,
8,FAF-PC-B1-06,FAF-CP1-B1-4,B1,,NA,NA,NA,,Awaiting Completion of Installation Works,Mr. Zaw Lat,Not Yet Ready,Not Yet Ready,,1,,,,,,,,,
9,FAF-PC-B1-07,FAF-CP1-B1-5 ,B1,,NA,NA,NA,,Awaiting Completion of Installation Works,Mr. Zaw Lat,Not Yet Ready,Not Yet Ready,,1,,,,,,,,,
10,FAF-PC-B1-08,FAF-CP1-B1-6,B1,,NA,NA,NA,,Awaiting Completion of Installation Works,Mr. Zaw Lat,Not Yet Ready,Not Yet Ready,,1,,,,,,,,,
11,EAF-PC-B1-03,EAF-CP1-B1-1,B1,,NA,NA,NA,,Awaiting Completion of Installation Works,Mr. Zaw Lat,Not Yet Ready,Not Yet Ready,,1,,,,,,,,,
12,EAF-PC-B1-04,EAF-CP1-B1-2,B1,,NA,NA,NA,,Awaiting Completion of Installation Works,Mr. Zaw Lat,Not Yet Ready,Not Yet Ready,,1,,,,,,,,,
13,EAF-PC-B1-05,EAF-CP1-B1-3,B1,,NA,NA,NA,,Awaiting Completion of Installation Works,Mr. Zaw Lat,Not Yet Ready,Not Yet Ready,,1,,,,,,,,,
14,EAF-PC-B1-06,EAF-CP1-B1-4,B1,,NA,NA,NA,,Awaiting Completion of Installation Works,Mr. Zaw Lat,Not Yet Ready,Not Yet Ready,,1,,,,,,,,,
15,EAF-PC-B1-07,EAF-CP1-B1-5,B1,,NA,NA,NA,,Awaiting Completion of Installation Works,Mr. Zaw Lat,Not Yet Ready,Not Yet Ready,,1,,,,,,,,,
16,EAF-PC-B1-08,EAF-CP1-B1-6,B1,,NA,NA,NA,,Awaiting Completion of Installation Works,Mr. Zaw Lat,Not Yet Ready,Not Yet Ready,,1,,,,,,,,,
17,FAF-PC-B1-09,FAF-DB-B1-1,B1,B1 DB ROOM,NA,NA,NA,,Awaiting Completion of Installation Works,Mr. Zaw Lat,Not Yet Ready,Not Yet Ready,,1,,,,,,,,,
18,EAF-PC-B1-09,EAF-DB-B1-1,B1,,NA,NA,NA,,Awaiting Completion of Installation Works,Mr. Zaw Lat,Not Yet Ready,Not Yet Ready,,1,,,,,,,,,
19,FAF-PC-B1-10,FAF-DILUTION-B1-1  ,B1,B1 DILUTION ROOM,NA,NA,NA,,Awaiting Completion of Installation Works,Mr. Zaw Lat,Not Yet Ready,Not Yet Ready,,1,,,,,,,,,
20,EAF-PC-B1-10,EAF-DILUTION-B1-1 ,B1,,NA,NA,NA,,Awaiting Completion of Installation Works,Mr. Zaw Lat,Not Yet Ready,Not Yet Ready,,1,,,,,,,,,
21,FAF-PC-B1-11,FAF-DOMESTIC-B1-1 ,B1,B1 DOMESTIC WATER TANK AND PUMP ROOM,NA,NA,NA,,Awaiting Completion of Installation Works,Mr. Zaw Lat,Not Yet Ready,Not Yet Ready,,1,,,,,,,,,
22,EAF-PC-B1-11,EAF-DOMESTIC-B1-1 ,B1,,NA,NA,NA,,Awaiting Completion of Installation Works,Mr. Zaw Lat,Not Yet Ready,Not Yet Ready,,1,,,,,,,,,
23,FAF-PC-B1-12,FAF-FIRE-B1-1 ,B1,B1 SPRINKLER & HYDRANT PUMP ROOM,NA,NA,NA,,Awaiting Completion of Installation Works,Mr. Zaw Lat,Not Yet Ready,Not Yet Ready,,1,,,,,,,,,
24,FAF-PC-B1-13,FAF-FIRE-B1-2 ,B1,,NA,NA,NA,,Awaiting Completion of Installation Works,Mr. Zaw Lat,Not Yet Ready,Not Yet Ready,,1,,,,,,,,,
25,EAF-PC-B1-12,EAF-FIRE-B1-1,B1,,NA,NA,NA,,Awaiting Completion of Installation Works,Mr. Zaw Lat,Not Yet Ready,Not Yet Ready,,1,,,,,,,,,
26,EAF-PC-B1-13,EAF-FIRE-B1-2 ,B1,,NA,NA,NA,,Awaiting Completion of Installation Works,Mr. Zaw Lat,Not Yet Ready,Not Yet Ready,,1,,,,,,,,,
27,FAF-PC-B1-14,FAF-IRRI-B1-1,B1,B1 IRRIGATION AND RAINWATER PUMP ROOM,NA,NA,NA,,Awaiting Completion of Installation Works,Mr. Zaw Lat,Not Yet Ready,Not Yet Ready,,1,,,,,,,,,
28,EAF-PC-B1-14,EAF-IRRI-B1-1,B1,,NA,NA,NA,,Awaiting Completion of Installation Works,Mr. Zaw Lat,Not Yet Ready,Not Yet Ready,,1,,,,,,,,,
29,FAF-PC-B1-15,FAF-LLBY-B1-1,B1,B1 PASSENGER LIFT LOBBY,NA,NA,NA,,Awaiting Completion of Installation Works,Mr. Zaw Lat,Not Yet Ready,Not Yet Ready,,1,,,,,,,,,
30,FAF-PC-B1-16,FAF-NEWATER-B1-1,B1,B1 NEWATER PLANT,NA,NA,NA,,Awaiting Completion of Installation Works,Mr. Zaw Lat,Not Yet Ready,Not Yet Ready,,1,,,,,,,,,
31,EAF-PC-B1-15,EAF-NEWATER-B1-1,B1,,NA,NA,NA,,Awaiting Completion of Installation Works,Mr. Zaw Lat,Not Yet Ready,Not Yet Ready,,1,,,,,,,,,
32,FAF-PC-B1-17,FAF-UPS-B1-1 ,B1,B1 UPS 1,NA,NA,NA,,Awaiting Completion of Installation Works,Mr. Zaw Lat,Not Yet Ready,Not Yet Ready,,1,,,,,,,,,
33,EAF-PC-B1-16,EAF-UPS-B1-1,B1,,NA,NA,NA,,Awaiting Completion of Installation Works,Mr. Zaw Lat,Not Yet Ready,Not Yet Ready,,1,,,,,,,,,
34,FAF-PC-B1-18,FAF-UPS-B1-2,B1,B1 UPS 2,NA,NA,NA,,Awaiting Completion of Installation Works,Mr. Zaw Lat,Not Yet Ready,Not Yet Ready,,1,,,,,,,,,
35,EAF-PC-B1-17,EAF-UPS-B1-2,B1,,NA,NA,NA,,Awaiting Completion of Installation Works,Mr. Zaw Lat,Not Yet Ready,Not Yet Ready,,1,,,,,,,,,
,,,,,,,,,,,,,,,,,,,,,,,
,,,,,,,,,,,,,,35,,,,,,,,,
,,,,,,,,,,,,,,,,,,,,,,,
,,,,,,,,,,,,,,,,,,,,,,,
,,,,,,,,,,,,,,,,,,,,,,,
,,,,,,,,,,,,,,,,,,,,,,,
,,,,,,,,,,,,,,,,,,,,,,,
,,,,,,,,,,,,,,,,,,,,,,,
,,,,,,,,,,,,,,,,,,,,,,,
,,,,,,,,,,SYSTEM,Total  Equipment Qty ,Balance Outstanding Work ,Completed ,Manpower ,,,,,,,,,
,,,,,,,,,,AHU ,7,7,0%,0,,,,,,,,,
,,,,,,,,,,FCU ,8,8,0%,,,,,,,,,,
,,,,,,,,,,MV FAN ,35,35,0%,,,,,,,,,,
,,,,,,,,,,,,,,,,,,,,,,,
,,,,,,,,,,,,,,,,,,,,,,,
,,,,,,,,,,,,,,,,,,,,,,,
,,,,,,,,,,,,,,,,,,,,,,,
,,,,,,,,,,,,,,,,,,,,,,,
,,,,,,,,,,,,,,,,,,,,,,,
,,,,,,,,,,,,,,,,,,,,,,,
,,,,,,,,,,,,,,,,,,,,,,,
,,,,,,,,,,,,,,,,,,,,,,,
,,,,,,,,,,,,,,,,,,,,,,,
,,,,,,,,,,,,,,,,,,,,,,,
,,,,,,,,,,,,,,,,,,,,,,,
,,,,,,,,,,,,,,,,,,,,,,,
,,,,,,,,,,,,,,,,,,,,,,,
,,,,,,,,,,,,,,,,,,,,,,,
,,,,,,,,,,,,,,,,,,,,,,,
,,,,,,,,,,,,,,,,,,,,,,,
,,,,,,,,,,,,,,,,,,,,,,,
,,,,,,,,,,,,,,,,,,,,,,,
,,,,,,,,,,,,,,,,,,,,,,,
,,,,,,,,,,,,,,,,,,,,,,,
,,,,,,,,,,,,,,,,,,,,,,,
,,,,,,,,,,,,,,,,,,,,,,,
,,,,,,,,,,,,,,,,,,,,,,,
,,,,,,,,,,,,,,,,,,,,,,,
,,,,,,,,,,,,,,,,,,,,,,,
,,,,,,,,,,,,,,,,,,,,,,,
,,,,,,,,,,,,,,,,,,,,,,,
,,,,,,,,,,,,,,,,,,,,,,,
,,,,,,,,,,,,,,,,,,,,,,,
,,,,,,,,,,,,,,,,,,,,,,,
,,,,,,,,,,,,,,,,,,,,,,,
,,,,,,,,,,,,,,,,,,,,,,,
,,,,,,,,,,,,,,,,,,,,,,,
,,,,,,,,,,,,,,,,,,,,,,,
,,,,,,,,,,,,,,,,,,,,,,,
,,,,,,,,,,,,,,,,,,,,,,,
,,,,,,,,,,,,,,,,,,,,,,,
,,,,,,,,,,,,,,,,,,,,,,,
,,,,,,,,,,,,,,,,,,,,,,,
,,,,,,,,,,,,,,,,,,,,,,,
,,,,,,,,,,,,,,,,,,,,,,,
,,,,,,,,,,,,,,,,,,,,,,,
,,,,,,,,,,,,,,,,,,,,,,,
,,,,,,,,,,,,,,,,,,,,,,,
,,,,,,,,,,,,,,,,,,,,,,,
,,,,,,,,,,,,,,,,,,,,,,,
,,,,,,,,,,,,,,,,,,,,,,,
,,,,,,,,,,,,,,,,,,,,,,,
,,,,,,,,,,,,,,,,,,,,,,,
,,,,,,,,,,,,,,,,,,,,,,,
,,,,,,,,,,,,,,,,,,,,,,,
,,,,,,,,,,,,,,,,,,,,,,,
,,,,,,,,,,,,,,,,,,,,,,,
,,,,,,,,,,,,,,,,,,,,,,,
,,,,,,,,,,,,,,,,,,,,,,,
,,,,,,,,,,,,,,,,,,,,,,,
,,,,,,,,,,,,,,,,,,,,,,,
,,,,,,,,,,,,,,,,,,,,,,,
,,,,,,,,,,,,,,,,,,,,,,,
,,,,,,,,,,,,,,,,,,,,,,,
,,,,,,,,,,,,,,,,,,,,,,,
,,,,,,,,,,,,,,,,,,,,,,,
,,,,,,,,,,,,,,,,,,,,,,,
,,,,,,,,,,,,,,,,,,,,,,,
,,,,,,,,,,,,,,,,,,,,,,,
